transaction_id,customer_id,order_id,order_date,product_id,units
T0001,21240,US-2021-103800-44199,2021-01-03,CHO-MIL-31000,2
T0002,18127,US-2021-112326-44200,2021-01-04,CHO-TRI-54000,2
T0003,18127,US-2021-112326-44200,2021-01-04,CHO-NUT-13000,3
T0004,18127,US-2021-112326-44200,2021-01-04,CHO-SCR-58000,3
T0005,25041,US-2021-141817-44201,2021-01-05,CHO-TRI-54000,3
T0006,28581,US-2021-167199-44202,2021-01-06,CHO-SCR-58000,13
T0007,28581,US-2021-167199-44202,2021-01-06,CHO-TRI-54000,2
T0008,28581,US-2021-167199-44202,2021-01-06,CHO-NUT-13000,2
T0009,28581,US-2021-167199-44202,2021-01-06,CHO-MIL-31000,5
T0010,28581,US-2021-167199-44202,2021-01-06,CHO-FUD-51000,2
T0011,27174,US-2021-130813-44202,2021-01-06,CHO-MIL-31000,3
T0012,19751,US-2021-106054-44202,2021-01-06,CHO-MIL-31000,3
T0013,22446,US-2021-105417-44203,2021-01-07,CHO-MIL-31000,3
T0014,22446,US-2021-105417-44203,2021-01-07,CHO-TRI-54000,7
T0015,32361,US-2021-135405-44205,2021-01-09,CHO-TRI-54000,5
T0016,34083,US-2021-149020-44206,2021-01-10,CHO-MIL-31000,1
T0017,34083,US-2021-149020-44206,2021-01-10,OTH-GUM-21000,1
T0018,40162,US-2021-130092-44207,2021-01-11,CHO-MIL-31000,2
T0019,34442,US-2021-157147-44209,2021-01-13,CHO-MIL-31000,8
T0020,34442,US-2021-157147-44209,2021-01-13,CHO-NUT-13000,5
T0021,31999,US-2021-162775-44209,2021-01-13,CHO-TRI-54000,3
T0022,31999,US-2021-162775-44209,2021-01-13,OTH-KAZ-38000,3
T0023,31999,US-2021-162775-44209,2021-01-13,CHO-MIL-31000,8
T0024,31999,US-2021-162775-44209,2021-01-13,CHO-SCR-58000,6
T0025,15894,US-2021-109232-44209,2021-01-13,CHO-NUT-13000,6
T0026,17936,US-2021-118192-44209,2021-01-13,CHO-SCR-58000,9
T0027,26623,US-2021-149524-44210,2021-01-14,OTH-GUM-21000,4
T0028,26413,US-2021-103366-44211,2021-01-15,CHO-SCR-58000,5
T0029,43046,US-2021-115791-44212,2021-01-16,CHO-TRI-54000,9
T0030,43046,US-2021-115791-44212,2021-01-16,CHO-FUD-51000,2
T0031,43046,US-2021-115791-44212,2021-01-16,CHO-SCR-58000,3
T0032,29591,US-2021-123477-44214,2021-01-18,CHO-NUT-13000,4
T0033,12245,US-2021-146591-44215,2021-01-19,CHO-TRI-54000,10
T0034,12245,US-2021-146591-44215,2021-01-19,CHO-FUD-51000,14
T0035,15794,US-2021-167927-44216,2021-01-20,CHO-FUD-51000,11
T0036,15794,US-2021-167927-44216,2021-01-20,CHO-NUT-13000,3
T0037,15794,US-2021-167927-44216,2021-01-20,CHO-MIL-31000,7
T0038,15794,US-2021-167927-44216,2021-01-20,CHO-TRI-54000,5
T0039,28079,US-2021-147627-44216,2021-01-20,CHO-TRI-54000,10
T0040,28079,US-2021-147627-44216,2021-01-20,CHO-MIL-31000,4
T0041,28079,US-2021-147627-44216,2021-01-20,CHO-SCR-58000,3
T0042,28079,US-2021-147627-44216,2021-01-20,CHO-FUD-51000,10
T0043,42948,US-2021-147774-44216,2021-01-20,CHO-NUT-13000,1
T0044,26420,US-2021-148614-44216,2021-01-20,CHO-MIL-31000,2
T0045,26420,US-2021-148614-44216,2021-01-20,CHO-SCR-58000,2
T0046,18526,US-2021-110422-44217,2021-01-21,CHO-TRI-54000,3
T0047,43240,CA-2021-115238-44217,2021-01-21,CHO-FUD-51000,6
T0048,43240,CA-2021-115238-44217,2021-01-21,CHO-MIL-31000,11
T0049,43240,CA-2021-115238-44217,2021-01-21,CHO-TRI-54000,5
T0050,34097,US-2021-102645-44219,2021-01-23,CHO-FUD-51000,6
T0051,14144,US-2021-146997-44219,2021-01-23,CHO-TRI-54000,3
T0052,15360,US-2021-167997-44222,2021-01-26,CHO-TRI-54000,4
T0053,27965,US-2021-155502-44222,2021-01-26,CHO-MIL-31000,29
T0054,27965,US-2021-155502-44222,2021-01-26,CHO-TRI-54000,3
T0055,27965,US-2021-155502-44222,2021-01-26,CHO-FUD-51000,2
T0056,18526,US-2021-117163-44223,2021-01-27,CHO-NUT-13000,3
T0057,18526,US-2021-117163-44223,2021-01-27,CHO-TRI-54000,4
T0058,18526,US-2021-117163-44223,2021-01-27,CHO-SCR-58000,1
T0059,13276,US-2021-100328-44224,2021-01-28,CHO-MIL-31000,1
T0060,17469,US-2021-134103-44226,2021-01-30,CHO-NUT-13000,4
T0061,22362,US-2021-115161-44227,2021-01-31,CHO-MIL-31000,2
T0062,15199,US-2021-140795-44228,2021-02-01,CHO-SCR-58000,6
T0063,43751,US-2021-123400-44229,2021-02-02,CHO-MIL-31000,2
T0064,43751,US-2021-123400-44229,2021-02-02,CHO-TRI-54000,5
T0065,35051,US-2021-139857-44229,2021-02-02,CHO-FUD-51000,5
T0066,39623,US-2021-111059-44230,2021-02-03,CHO-NUT-13000,3
T0067,39623,US-2021-111059-44230,2021-02-03,CHO-SCR-58000,2
T0068,44955,US-2021-104808-44231,2021-02-04,CHO-FUD-51000,2
T0069,40531,US-2021-107181-44231,2021-02-04,CHO-TRI-54000,3
T0070,40531,US-2021-107181-44231,2021-02-04,OTH-KAZ-38000,4
T0071,22206,US-2021-131905-44233,2021-02-06,CHO-TRI-54000,4
T0072,22206,US-2021-131905-44233,2021-02-06,CHO-NUT-13000,5
T0073,22206,US-2021-131905-44233,2021-02-06,CHO-MIL-31000,1
T0074,19350,US-2021-108182-44233,2021-02-06,CHO-NUT-13000,2
T0075,38412,US-2021-169390-44234,2021-02-07,CHO-MIL-31000,4
T0076,20178,US-2021-107755-44234,2021-02-07,CHO-FUD-51000,7
T0077,21226,US-2021-125759-44235,2021-02-08,OTH-GUM-21000,2
T0078,36849,US-2021-127614-44238,2021-02-11,CHO-MIL-31000,8
T0079,36849,US-2021-127614-44238,2021-02-11,CHO-SCR-58000,3
T0080,15859,US-2021-168368-44238,2021-02-11,CHO-TRI-54000,6
T0081,15859,US-2021-168368-44238,2021-02-11,CHO-NUT-13000,3
T0082,15859,US-2021-168368-44238,2021-02-11,CHO-SCR-58000,5
T0083,44696,US-2021-110674-44239,2021-02-12,CHO-SCR-58000,2
T0084,34650,US-2021-121762-44241,2021-02-14,CHO-FUD-51000,2
T0085,34650,US-2021-121762-44241,2021-02-14,CHO-SCR-58000,5
T0086,12210,US-2021-107706-44241,2021-02-14,CHO-MIL-31000,3
T0087,19329,US-2021-165568-44242,2021-02-15,CHO-SCR-58000,5
T0088,45237,US-2021-122567-44243,2021-02-16,CHO-FUD-51000,2
T0089,45237,US-2021-122567-44243,2021-02-16,CHO-TRI-54000,3
T0090,29696,US-2021-154165-44244,2021-02-17,CHO-MIL-31000,14
T0091,46308,US-2021-165589-44245,2021-02-18,CHO-TRI-54000,5
T0092,41744,US-2021-152905-44245,2021-02-18,CHO-FUD-51000,2
T0093,30340,US-2021-164903-44247,2021-02-20,CHO-SCR-58000,2
T0094,33054,US-2021-109491-44247,2021-02-20,CHO-MIL-31000,7
T0095,38144,US-2021-165540-44248,2021-02-21,CHO-TRI-54000,5
T0096,45592,US-2021-133354-44249,2021-02-22,CHO-NUT-13000,3
T0097,21452,US-2021-103744-44250,2021-02-23,CHO-SCR-58000,3
T0098,21452,US-2021-103744-44250,2021-02-23,OTH-GUM-21000,3
T0099,40946,US-2021-137680-44251,2021-02-24,CHO-FUD-51000,3
T0100,40946,US-2021-137680-44251,2021-02-24,CHO-MIL-31000,4
T0101,28693,US-2021-156545-44254,2021-02-27,CHO-FUD-51000,4
T0102,18363,US-2021-131009-44256,2021-03-01,CHO-SCR-58000,6
T0103,18363,US-2021-131009-44256,2021-03-01,CHO-TRI-54000,9
T0104,18363,US-2021-131009-44256,2021-03-01,CHO-FUD-51000,5
T0105,16823,US-2021-168312-44256,2021-03-01,CHO-SCR-58000,6
T0106,27631,US-2021-104269-44256,2021-03-01,CHO-SCR-58000,2
T0107,32102,US-2021-143707-44256,2021-03-01,CHO-SCR-58000,3
T0108,40622,US-2021-113880-44256,2021-03-01,CHO-NUT-13000,6
T0109,40622,US-2021-113880-44256,2021-03-01,OTH-LIC-15000,3
T0110,14933,US-2021-107524-44257,2021-03-02,CHO-MIL-31000,2
T0111,14933,US-2021-107524-44257,2021-03-02,CHO-NUT-13000,5
T0112,39196,US-2021-111157-44257,2021-03-02,CHO-TRI-54000,1
T0113,39196,US-2021-111157-44257,2021-03-02,CHO-MIL-31000,3
T0114,23403,US-2021-127964-44258,2021-03-03,CHO-SCR-58000,8
T0115,23403,US-2021-127964-44258,2021-03-03,CHO-MIL-31000,1
T0116,33959,US-2021-127978-44258,2021-03-03,CHO-TRI-54000,5
T0117,33959,US-2021-127978-44258,2021-03-03,CHO-SCR-58000,3
T0118,33959,US-2021-127978-44258,2021-03-03,CHO-NUT-13000,8
T0119,39812,US-2021-130421-44258,2021-03-03,CHO-NUT-13000,3
T0120,28212,US-2021-105648-44258,2021-03-03,CHO-MIL-31000,3
T0121,17784,US-2021-155852-44258,2021-03-03,CHO-FUD-51000,4
T0122,22234,US-2021-116239-44259,2021-03-04,CHO-FUD-51000,5
T0123,45461,US-2021-117016-44259,2021-03-04,CHO-NUT-13000,3
T0124,46987,US-2021-169061-44260,2021-03-05,CHO-TRI-54000,8
T0125,46987,US-2021-169061-44260,2021-03-05,CHO-NUT-13000,8
T0126,43683,US-2021-131982-44262,2021-03-07,CHO-FUD-51000,2
T0127,16139,US-2021-104563-44262,2021-03-07,OTH-KAZ-38000,6
T0128,16139,US-2021-104563-44262,2021-03-07,CHO-NUT-13000,2
T0129,16139,US-2021-104563-44262,2021-03-07,CHO-SCR-58000,5
T0130,16139,US-2021-104563-44262,2021-03-07,CHO-FUD-51000,5
T0131,45732,US-2021-156587-44262,2021-03-07,CHO-NUT-13000,1
T0132,45732,US-2021-156587-44262,2021-03-07,CHO-FUD-51000,6
T0133,38566,US-2021-100279-44265,2021-03-10,CHO-SCR-58000,2
T0134,29281,US-2021-140116-44265,2021-03-10,CHO-FUD-51000,4
T0135,29281,US-2021-140116-44265,2021-03-10,CHO-NUT-13000,3
T0136,38307,US-2021-158337-44266,2021-03-11,CHO-NUT-13000,14
T0137,11785,US-2021-166884-44266,2021-03-11,CHO-MIL-31000,5
T0138,11785,US-2021-166884-44266,2021-03-11,CHO-NUT-13000,6
T0139,31103,US-2021-103338-44266,2021-03-11,CHO-SCR-58000,3
T0140,11547,US-2021-114790-44266,2021-03-11,CHO-TRI-54000,6
T0141,11547,US-2021-114790-44266,2021-03-11,CHO-FUD-51000,2
T0142,11547,US-2021-114790-44266,2021-03-11,CHO-NUT-13000,3
T0143,28028,CA-2021-139675-44268,2021-03-13,CHO-SCR-58000,4
T0144,28028,CA-2021-139675-44268,2021-03-13,CHO-MIL-31000,8
T0145,20703,US-2021-157623-44269,2021-03-14,CHO-FUD-51000,1
T0146,20703,US-2021-157623-44269,2021-03-14,CHO-NUT-13000,2
T0147,22080,US-2021-125521-44269,2021-03-14,CHO-FUD-51000,4
T0148,27335,US-2021-100293-44269,2021-03-14,CHO-NUT-13000,6
T0149,35588,US-2021-114510-44269,2021-03-14,CHO-NUT-13000,6
T0150,35588,US-2021-114510-44269,2021-03-14,CHO-TRI-54000,1
T0151,35588,US-2021-114510-44269,2021-03-14,CHO-FUD-51000,2
T0152,35588,US-2021-114510-44269,2021-03-14,CHO-MIL-31000,12
T0153,35042,US-2021-152618-44269,2021-03-14,OTH-GUM-21000,2
T0154,35042,US-2021-152618-44269,2021-03-14,OTH-FIZ-56000,2
T0155,22523,US-2021-149958-44270,2021-03-15,CHO-SCR-58000,3
T0156,22523,US-2021-149958-44270,2021-03-15,CHO-FUD-51000,4
T0157,22523,US-2021-149958-44270,2021-03-15,CHO-NUT-13000,4
T0158,22523,US-2021-149958-44270,2021-03-15,CHO-TRI-54000,3
T0159,22409,US-2021-157609-44271,2021-03-16,CHO-MIL-31000,2
T0160,29589,US-2021-158442-44272,2021-03-17,CHO-MIL-31000,2
T0161,29589,US-2021-158442-44272,2021-03-17,CHO-FUD-51000,1
T0162,29589,US-2021-158442-44272,2021-03-17,CHO-TRI-54000,3
T0163,23375,US-2021-127859-44272,2021-03-17,CHO-MIL-31000,6
T0164,32459,US-2021-164763-44272,2021-03-17,CHO-SCR-58000,3
T0165,32459,US-2021-164763-44272,2021-03-17,CHO-MIL-31000,5
T0166,32459,US-2021-164763-44272,2021-03-17,OTH-LIC-15000,4
T0167,32459,US-2021-164763-44272,2021-03-17,CHO-NUT-13000,2
T0168,22122,US-2021-148838-44272,2021-03-17,OTH-GUM-21000,11
T0169,22122,US-2021-148838-44272,2021-03-17,CHO-MIL-31000,7
T0170,22122,US-2021-148838-44272,2021-03-17,OTH-KAZ-38000,7
T0171,42344,US-2021-118339-44272,2021-03-17,CHO-MIL-31000,9
T0172,42344,US-2021-118339-44272,2021-03-17,CHO-FUD-51000,6
T0173,42344,US-2021-118339-44272,2021-03-17,CHO-NUT-13000,6
T0174,42344,US-2021-118339-44272,2021-03-17,CHO-TRI-54000,10
T0175,12338,US-2021-131275-44273,2021-03-18,CHO-NUT-13000,13
T0176,17469,US-2021-145317-44273,2021-03-18,CHO-NUT-13000,5
T0177,17469,US-2021-145317-44273,2021-03-18,CHO-MIL-31000,3
T0178,17469,US-2021-145317-44273,2021-03-18,CHO-FUD-51000,7
T0179,17469,US-2021-145317-44273,2021-03-18,SUG-LAF-25000,6
T0180,17469,US-2021-145317-44273,2021-03-18,OTH-FIZ-56000,4
T0181,42591,US-2021-111871-44273,2021-03-18,CHO-FUD-51000,10
T0182,14352,US-2021-103989-44274,2021-03-19,OTH-KAZ-38000,3
T0183,14352,US-2021-103989-44274,2021-03-19,CHO-MIL-31000,5
T0184,14352,US-2021-103989-44274,2021-03-19,CHO-NUT-13000,9
T0185,14352,US-2021-103989-44274,2021-03-19,CHO-SCR-58000,6
T0186,33019,US-2021-163223-44276,2021-03-21,CHO-MIL-31000,7
T0187,33019,US-2021-163223-44276,2021-03-21,CHO-NUT-13000,5
T0188,33019,US-2021-163223-44276,2021-03-21,CHO-FUD-51000,3
T0189,33019,US-2021-163223-44276,2021-03-21,OTH-KAZ-38000,7
T0190,12210,US-2021-140004-44276,2021-03-21,CHO-TRI-54000,3
T0191,12210,US-2021-140004-44276,2021-03-21,CHO-MIL-31000,2
T0192,22773,US-2021-107405-44276,2021-03-21,CHO-SCR-58000,1
T0193,13528,US-2021-155544-44276,2021-03-21,CHO-NUT-13000,3
T0194,13528,US-2021-155544-44276,2021-03-21,CHO-TRI-54000,3
T0195,13528,US-2021-155544-44276,2021-03-21,CHO-FUD-51000,5
T0196,28987,US-2021-158057-44277,2021-03-22,CHO-SCR-58000,5
T0197,28987,US-2021-158057-44277,2021-03-22,CHO-FUD-51000,4
T0198,24299,US-2021-129609-44277,2021-03-22,CHO-TRI-54000,2
T0199,34470,US-2021-148040-44277,2021-03-22,CHO-FUD-51000,3
T0200,34470,US-2021-148040-44277,2021-03-22,CHO-TRI-54000,3
T0201,24208,US-2021-120838-44278,2021-03-23,CHO-TRI-54000,2
T0202,24208,US-2021-120838-44278,2021-03-23,CHO-FUD-51000,6
T0203,20883,US-2021-164749-44278,2021-03-23,CHO-TRI-54000,3
T0204,32832,US-2021-143637-44279,2021-03-24,CHO-MIL-31000,2
T0205,28602,US-2021-147235-44279,2021-03-24,CHO-SCR-58000,5
T0206,24971,US-2021-128237-44280,2021-03-25,CHO-FUD-51000,8
T0207,24971,US-2021-128237-44280,2021-03-25,CHO-TRI-54000,2
T0208,24971,US-2021-128237-44280,2021-03-25,CHO-MIL-31000,4
T0209,28280,US-2021-148586-44280,2021-03-25,CHO-FUD-51000,7
T0210,21310,US-2021-100860-44281,2021-03-26,CHO-SCR-58000,5
T0211,43856,US-2021-138436-44281,2021-03-26,CHO-MIL-31000,3
T0212,36856,US-2021-141838-44281,2021-03-26,CHO-FUD-51000,2
T0213,36856,US-2021-141838-44281,2021-03-26,CHO-MIL-31000,4
T0214,36856,US-2021-141838-44281,2021-03-26,CHO-TRI-54000,2
T0215,19457,US-2021-100881-44283,2021-03-28,OTH-GUM-21000,3
T0216,36968,US-2021-137869-44283,2021-03-28,CHO-TRI-54000,7
T0217,25636,US-2021-117380-44283,2021-03-28,CHO-FUD-51000,1
T0218,21156,US-2021-137274-44284,2021-03-29,CHO-MIL-31000,3
T0219,45970,US-2021-162089-44285,2021-03-30,CHO-MIL-31000,14
T0220,45970,US-2021-162089-44285,2021-03-30,CHO-FUD-51000,5
T0221,37325,US-2021-131247-44285,2021-03-30,CHO-MIL-31000,2
T0222,34197,US-2021-169033-44285,2021-03-30,CHO-MIL-31000,5
T0223,22276,US-2021-133424-44285,2021-03-30,CHO-SCR-58000,6
T0224,29507,US-2021-105151-44285,2021-03-30,OTH-LIC-15000,5
T0225,31017,US-2021-113124-44285,2021-03-30,CHO-TRI-54000,2
T0226,17889,US-2021-128055-44286,2021-03-31,CHO-TRI-54000,2
T0227,17889,US-2021-128055-44286,2021-03-31,CHO-SCR-58000,2
T0228,46775,US-2021-130428-44286,2021-03-31,CHO-FUD-51000,12
T0229,46775,US-2021-130428-44286,2021-03-31,CHO-TRI-54000,2
T0230,15171,US-2021-101770-44286,2021-03-31,CHO-TRI-54000,1
T0231,27328,US-2021-104759-44286,2021-03-31,CHO-MIL-31000,7
T0232,27328,US-2021-104759-44286,2021-03-31,CHO-NUT-13000,2
T0233,35245,US-2021-112403-44286,2021-03-31,CHO-NUT-13000,1
T0234,38725,US-2021-138359-44287,2021-04-01,CHO-MIL-31000,2
T0235,38725,US-2021-138359-44287,2021-04-01,CHO-SCR-58000,4
T0236,36311,US-2021-157021-44287,2021-04-01,CHO-NUT-13000,4
T0237,36311,US-2021-157021-44287,2021-04-01,CHO-SCR-58000,2
T0238,42269,US-2021-157847-44288,2021-04-02,CHO-MIL-31000,12
T0239,12315,US-2021-160276-44288,2021-04-02,CHO-FUD-51000,2
T0240,11939,US-2021-164315-44288,2021-04-02,CHO-SCR-58000,8
T0241,11939,US-2021-164315-44288,2021-04-02,CHO-MIL-31000,7
T0242,44537,US-2021-112291-44289,2021-04-03,CHO-MIL-31000,5
T0243,44537,US-2021-112291-44289,2021-04-03,CHO-SCR-58000,2
T0244,23167,US-2021-128685-44290,2021-04-04,CHO-SCR-58000,2
T0245,46175,US-2021-133228-44290,2021-04-04,CHO-NUT-13000,1
T0246,46175,US-2021-133228-44290,2021-04-04,CHO-SCR-58000,4
T0247,16144,US-2021-105172-44290,2021-04-04,CHO-MIL-31000,6
T0248,38195,US-2021-149538-44290,2021-04-04,CHO-FUD-51000,2
T0249,38195,US-2021-149538-44290,2021-04-04,CHO-NUT-13000,3
T0250,38195,US-2021-149538-44290,2021-04-04,OTH-GUM-21000,5
T0251,38195,US-2021-149538-44290,2021-04-04,CHO-TRI-54000,2
T0252,43214,US-2021-157231-44291,2021-04-05,CHO-TRI-54000,7
T0253,40076,US-2021-102988-44291,2021-04-05,CHO-SCR-58000,7
T0254,40076,US-2021-102988-44291,2021-04-05,CHO-TRI-54000,7
T0255,40076,US-2021-102988-44291,2021-04-05,CHO-NUT-13000,8
T0256,11526,US-2021-149104-44291,2021-04-05,CHO-NUT-13000,13
T0257,11526,US-2021-149104-44291,2021-04-05,CHO-MIL-31000,3
T0258,19819,US-2021-113887-44291,2021-04-05,CHO-TRI-54000,1
T0259,39243,US-2021-151001-44291,2021-04-05,CHO-NUT-13000,4
T0260,39243,US-2021-151001-44291,2021-04-05,CHO-SCR-58000,4
T0261,31670,US-2021-169803-44292,2021-04-06,CHO-NUT-13000,5
T0262,47370,US-2021-136742-44292,2021-04-06,CHO-FUD-51000,6
T0263,40853,US-2021-102652-44292,2021-04-06,CHO-NUT-13000,2
T0264,40853,US-2021-102652-44292,2021-04-06,CHO-MIL-31000,7
T0265,40853,US-2021-102652-44292,2021-04-06,CHO-TRI-54000,1
T0266,40853,US-2021-102652-44292,2021-04-06,OTH-GUM-21000,3
T0267,46243,US-2021-153808-44292,2021-04-06,CHO-MIL-31000,3
T0268,46243,US-2021-153808-44292,2021-04-06,CHO-TRI-54000,2
T0269,46243,US-2021-153808-44292,2021-04-06,CHO-SCR-58000,3
T0270,12345,US-2021-118486-44292,2021-04-06,CHO-FUD-51000,3
T0271,12345,US-2021-118486-44292,2021-04-06,CHO-TRI-54000,1
T0272,12345,US-2021-118486-44292,2021-04-06,CHO-NUT-13000,2
T0273,33049,US-2021-124023-44293,2021-04-07,CHO-MIL-31000,2
T0274,13680,US-2021-128846-44293,2021-04-07,CHO-TRI-54000,3
T0275,13680,US-2021-128846-44293,2021-04-07,OTH-GUM-21000,5
T0276,47162,US-2021-165806-44293,2021-04-07,CHO-MIL-31000,9
T0277,47162,US-2021-165806-44293,2021-04-07,CHO-FUD-51000,3
T0278,15514,US-2021-121769-44294,2021-04-08,CHO-NUT-13000,1
T0279,22444,US-2021-163797-44294,2021-04-08,CHO-MIL-31000,8
T0280,16377,US-2021-100363-44294,2021-04-08,CHO-MIL-31000,2
T0281,16377,US-2021-100363-44294,2021-04-08,CHO-SCR-58000,3
T0282,36718,US-2021-150581-44294,2021-04-08,CHO-TRI-54000,1
T0283,36718,US-2021-150581-44294,2021-04-08,CHO-MIL-31000,4
T0284,15053,US-2021-118997-44294,2021-04-08,CHO-FUD-51000,8
T0285,18230,US-2021-121734-44297,2021-04-11,CHO-FUD-51000,1
T0286,19709,US-2021-138940-44297,2021-04-11,CHO-NUT-13000,6
T0287,18869,US-2021-102715-44297,2021-04-11,CHO-SCR-58000,3
T0288,18869,US-2021-102715-44297,2021-04-11,CHO-TRI-54000,5
T0289,18869,US-2021-102715-44297,2021-04-11,CHO-FUD-51000,7
T0290,12609,US-2021-110555-44297,2021-04-11,CHO-TRI-54000,9
T0291,12609,US-2021-110555-44297,2021-04-11,CHO-MIL-31000,6
T0292,44537,US-2021-158365-44298,2021-04-12,CHO-SCR-58000,5
T0293,39789,US-2021-142979-44298,2021-04-12,CHO-NUT-13000,2
T0294,38557,US-2021-154599-44298,2021-04-12,CHO-MIL-31000,17
T0295,38557,US-2021-154599-44298,2021-04-12,CHO-SCR-58000,7
T0296,38557,US-2021-154599-44298,2021-04-12,CHO-FUD-51000,4
T0297,31031,US-2021-122336-44299,2021-04-13,CHO-MIL-31000,4
T0298,31031,US-2021-122336-44299,2021-04-13,CHO-SCR-58000,22
T0299,31031,US-2021-122336-44299,2021-04-13,OTH-LIC-15000,13
T0300,22362,US-2021-167724-44299,2021-04-13,CHO-TRI-54000,3
T0301,31731,US-2021-120740-44301,2021-04-15,CHO-NUT-13000,4
T0302,31731,US-2021-120740-44301,2021-04-15,CHO-MIL-31000,2
T0303,37460,US-2021-155208-44302,2021-04-16,CHO-TRI-54000,6
T0304,34419,US-2021-100678-44304,2021-04-18,CHO-TRI-54000,3
T0305,34419,US-2021-100678-44304,2021-04-18,CHO-MIL-31000,2
T0306,34419,US-2021-100678-44304,2021-04-18,CHO-NUT-13000,3
T0307,34419,US-2021-100678-44304,2021-04-18,CHO-FUD-51000,3
T0308,13766,US-2021-110849-44304,2021-04-18,CHO-TRI-54000,13
T0309,13766,US-2021-110849-44304,2021-04-18,CHO-NUT-13000,2
T0310,27519,US-2021-158470-44305,2021-04-19,CHO-SCR-58000,3
T0311,27519,US-2021-158470-44305,2021-04-19,CHO-MIL-31000,11
T0312,17315,US-2021-169460-44305,2021-04-19,CHO-FUD-51000,3
T0313,44544,US-2021-134572-44306,2021-04-20,CHO-FUD-51000,5
T0314,44544,US-2021-134572-44306,2021-04-20,CHO-NUT-13000,2
T0315,44544,US-2021-134572-44306,2021-04-20,CHO-SCR-58000,5
T0316,30592,US-2021-101462-44306,2021-04-20,CHO-SCR-58000,4
T0317,22227,US-2021-158064-44307,2021-04-21,CHO-MIL-31000,5
T0318,18650,US-2021-136336-44307,2021-04-21,CHO-TRI-54000,6
T0319,11190,US-2021-122070-44308,2021-04-22,CHO-NUT-13000,3
T0320,11190,US-2021-122070-44308,2021-04-22,OTH-KAZ-38000,8
T0321,37208,US-2021-111857-44309,2021-04-23,CHO-TRI-54000,1
T0322,31908,US-2021-112564-44309,2021-04-23,CHO-FUD-51000,3
T0323,21583,US-2021-150119-44309,2021-04-23,CHO-FUD-51000,8
T0324,21583,US-2021-150119-44309,2021-04-23,CHO-MIL-31000,8
T0325,17187,US-2021-157406-44311,2021-04-25,CHO-FUD-51000,3
T0326,17187,US-2021-157406-44311,2021-04-25,CHO-NUT-13000,2
T0327,43284,US-2021-166954-44311,2021-04-25,CHO-NUT-13000,10
T0328,43284,US-2021-166954-44311,2021-04-25,CHO-TRI-54000,3
T0329,16769,US-2021-110100-44311,2021-04-25,CHO-SCR-58000,3
T0330,35842,US-2021-147298-44312,2021-04-26,CHO-NUT-13000,3
T0331,35842,US-2021-147298-44312,2021-04-26,CHO-SCR-58000,6
T0332,33994,US-2021-116785-44312,2021-04-26,CHO-NUT-13000,5
T0333,33994,US-2021-116785-44312,2021-04-26,CHO-SCR-58000,2
T0334,30984,US-2021-131387-44314,2021-04-28,CHO-MIL-31000,5
T0335,47048,US-2021-132983-44314,2021-04-28,CHO-SCR-58000,2
T0336,12000,US-2021-140228-44314,2021-04-28,CHO-NUT-13000,5
T0337,12000,US-2021-140228-44314,2021-04-28,CHO-SCR-58000,3
T0338,26896,US-2021-118976-44314,2021-04-28,CHO-MIL-31000,12
T0339,26896,US-2021-118976-44314,2021-04-28,CHO-FUD-51000,2
T0340,13995,US-2021-134061-44315,2021-04-29,CHO-SCR-58000,2
T0341,32312,US-2021-142727-44315,2021-04-29,CHO-MIL-31000,2
T0342,32312,US-2021-142727-44315,2021-04-29,CHO-NUT-13000,3
T0343,35653,US-2021-107811-44315,2021-04-29,CHO-MIL-31000,7
T0344,26714,US-2021-118304-44315,2021-04-29,CHO-SCR-58000,2
T0345,24138,US-2021-160094-44316,2021-04-30,CHO-TRI-54000,10
T0346,39096,US-2021-156006-44316,2021-04-30,CHO-SCR-58000,3
T0347,23881,US-2021-124618-44318,2021-05-02,CHO-SCR-58000,2
T0348,31570,US-2021-115056-44318,2021-05-02,CHO-SCR-58000,3
T0349,14408,US-2021-130274-44319,2021-05-03,CHO-MIL-31000,7
T0350,46581,US-2021-135755-44319,2021-05-03,CHO-FUD-51000,3
T0351,46581,US-2021-135755-44319,2021-05-03,CHO-SCR-58000,3
T0352,22010,US-2021-148194-44320,2021-05-04,CHO-NUT-13000,7
T0353,22010,US-2021-148194-44320,2021-05-04,CHO-MIL-31000,4
T0354,34839,US-2021-111899-44320,2021-05-04,CHO-MIL-31000,8
T0355,12051,US-2021-117709-44320,2021-05-04,CHO-NUT-13000,4
T0356,29437,US-2021-155271-44320,2021-05-04,CHO-TRI-54000,2
T0357,13696,US-2021-160738-44321,2021-05-05,CHO-MIL-31000,2
T0358,22635,US-2021-166457-44321,2021-05-05,CHO-FUD-51000,5
T0359,22635,US-2021-166457-44321,2021-05-05,CHO-SCR-58000,2
T0360,27461,US-2021-110219-44321,2021-05-05,CHO-TRI-54000,3
T0361,16270,US-2021-111934-44321,2021-05-05,CHO-TRI-54000,2
T0362,16270,US-2021-111934-44321,2021-05-05,CHO-FUD-51000,1
T0363,37334,US-2021-121664-44322,2021-05-06,CHO-MIL-31000,8
T0364,32361,US-2021-154879-44322,2021-05-06,CHO-FUD-51000,6
T0365,32361,US-2021-154879-44322,2021-05-06,OTH-GUM-21000,2
T0366,19735,CA-2021-166086-44323,2021-05-07,CHO-MIL-31000,7
T0367,19735,CA-2021-166086-44323,2021-05-07,CHO-NUT-13000,2
T0368,19735,CA-2021-166086-44323,2021-05-07,CHO-SCR-58000,3
T0369,26413,US-2021-166086-44323,2021-05-07,CHO-MIL-31000,7
T0370,26413,US-2021-166086-44323,2021-05-07,CHO-NUT-13000,2
T0371,26413,US-2021-166086-44323,2021-05-07,CHO-SCR-58000,3
T0372,43632,US-2021-116666-44324,2021-05-08,CHO-TRI-54000,5
T0373,17042,US-2021-158771-44325,2021-05-09,CHO-MIL-31000,3
T0374,17042,US-2021-158771-44325,2021-05-09,OTH-KAZ-38000,5
T0375,17042,US-2021-158771-44325,2021-05-09,CHO-FUD-51000,10
T0376,15360,US-2021-102071-44325,2021-05-09,CHO-NUT-13000,7
T0377,26476,US-2021-159709-44326,2021-05-10,CHO-TRI-54000,8
T0378,27419,US-2021-103310-44326,2021-05-10,CHO-FUD-51000,1
T0379,27419,US-2021-103310-44326,2021-05-10,CHO-TRI-54000,2
T0380,27419,US-2021-103310-44326,2021-05-10,CHO-SCR-58000,6
T0381,27419,US-2021-103310-44326,2021-05-10,CHO-NUT-13000,5
T0382,29505,US-2021-114181-44326,2021-05-10,CHO-TRI-54000,7
T0383,29505,US-2021-114181-44326,2021-05-10,CHO-SCR-58000,5
T0384,23970,US-2021-127523-44327,2021-05-11,CHO-MIL-31000,3
T0385,27685,US-2021-139017-44327,2021-05-11,CHO-NUT-13000,2
T0386,27540,US-2021-103849-44327,2021-05-11,CHO-FUD-51000,4
T0387,27540,US-2021-103849-44327,2021-05-11,CHO-MIL-31000,2
T0388,27540,US-2021-103849-44327,2021-05-11,CHO-SCR-58000,1
T0389,38270,US-2021-152100-44327,2021-05-11,CHO-NUT-13000,8
T0390,26651,US-2021-119172-44327,2021-05-11,CHO-NUT-13000,9
T0391,26651,US-2021-119172-44327,2021-05-11,OTH-LIC-15000,3
T0392,13939,US-2021-127159-44328,2021-05-12,CHO-MIL-31000,7
T0393,46614,US-2021-155887-44328,2021-05-12,CHO-MIL-31000,3
T0394,18853,US-2021-167164-44329,2021-05-13,CHO-FUD-51000,2
T0395,10978,US-2021-140165-44329,2021-05-13,CHO-TRI-54000,8
T0396,10978,US-2021-140165-44329,2021-05-13,CHO-FUD-51000,2
T0397,34426,US-2021-113768-44329,2021-05-13,CHO-FUD-51000,6
T0398,34426,US-2021-113768-44329,2021-05-13,OTH-LIC-15000,2
T0399,39798,US-2021-114433-44329,2021-05-13,CHO-SCR-58000,3
T0400,26966,US-2021-106810-44330,2021-05-14,CHO-NUT-13000,2
T0401,23921,US-2021-125150-44332,2021-05-16,CHO-FUD-51000,5
T0402,18001,US-2021-163146-44332,2021-05-16,CHO-NUT-13000,3
T0403,43499,US-2021-148761-44333,2021-05-17,CHO-MIL-31000,3
T0404,38480,US-2021-164224-44334,2021-05-18,CHO-FUD-51000,3
T0405,38480,US-2021-164224-44334,2021-05-18,CHO-TRI-54000,4
T0406,33523,US-2021-133963-44334,2021-05-18,CHO-TRI-54000,1
T0407,39166,US-2021-103373-44334,2021-05-18,CHO-FUD-51000,2
T0408,13932,US-2021-130155-44335,2021-05-19,CHO-SCR-58000,5
T0409,21786,US-2021-107699-44335,2021-05-19,CHO-SCR-58000,9
T0410,38277,CA-2021-166695-44336,2021-05-20,CHO-SCR-58000,8
T0411,38277,CA-2021-166695-44336,2021-05-20,CHO-FUD-51000,1
T0412,38277,CA-2021-166695-44336,2021-05-20,CHO-TRI-54000,1
T0413,25237,US-2021-130673-44336,2021-05-20,OTH-KAZ-38000,3
T0414,25237,US-2021-130673-44336,2021-05-20,CHO-SCR-58000,9
T0415,37929,US-2021-114188-44336,2021-05-20,CHO-SCR-58000,7
T0416,37929,US-2021-114188-44336,2021-05-20,OTH-KAZ-38000,4
T0417,37929,US-2021-114188-44336,2021-05-20,CHO-TRI-54000,9
T0418,28105,US-2021-127166-44337,2021-05-21,CHO-TRI-54000,2
T0419,28105,US-2021-127166-44337,2021-05-21,CHO-SCR-58000,9
T0420,28105,US-2021-127166-44337,2021-05-21,CHO-NUT-13000,1
T0421,32431,US-2021-104780-44337,2021-05-21,CHO-MIL-31000,8
T0422,34034,CA-2021-152443-44337,2021-05-21,CHO-FUD-51000,6
T0423,34034,CA-2021-152443-44337,2021-05-21,CHO-MIL-31000,10
T0424,13701,US-2021-152443-44337,2021-05-21,CHO-FUD-51000,6
T0425,13701,US-2021-152443-44337,2021-05-21,CHO-MIL-31000,10
T0426,20619,US-2021-117639-44337,2021-05-21,CHO-TRI-54000,7
T0427,20619,US-2021-117639-44337,2021-05-21,CHO-NUT-13000,3
T0428,19065,US-2021-143840-44338,2021-05-22,CHO-FUD-51000,2
T0429,19065,US-2021-143840-44338,2021-05-22,CHO-NUT-13000,1
T0430,33679,US-2021-135881-44339,2021-05-23,CHO-NUT-13000,1
T0431,33679,US-2021-135881-44339,2021-05-23,CHO-FUD-51000,5
T0432,33679,US-2021-135881-44339,2021-05-23,CHO-TRI-54000,2
T0433,15495,US-2021-138513-44339,2021-05-23,CHO-TRI-54000,2
T0434,21375,US-2021-105767-44339,2021-05-23,CHO-SCR-58000,9
T0435,21375,US-2021-105767-44339,2021-05-23,CHO-FUD-51000,2
T0436,21375,US-2021-105767-44339,2021-05-23,CHO-TRI-54000,2
T0437,20638,US-2021-143413-44340,2021-05-24,CHO-TRI-54000,3
T0438,29113,US-2021-130379-44341,2021-05-25,CHO-MIL-31000,2
T0439,29113,US-2021-130379-44341,2021-05-25,CHO-NUT-13000,2
T0440,11666,US-2021-100391-44341,2021-05-25,CHO-TRI-54000,2
T0441,36844,US-2021-158029-44342,2021-05-26,CHO-TRI-54000,2
T0442,43639,US-2021-129574-44342,2021-05-26,CHO-SCR-58000,5
T0443,29883,US-2021-144029-44342,2021-05-26,CHO-TRI-54000,2
T0444,29883,US-2021-144029-44342,2021-05-26,CHO-SCR-58000,3
T0445,29883,US-2021-144029-44342,2021-05-26,CHO-MIL-31000,3
T0446,25160,US-2021-156349-44342,2021-05-26,CHO-SCR-58000,2
T0447,25160,US-2021-156349-44342,2021-05-26,CHO-MIL-31000,4
T0448,29771,US-2021-124429-44343,2021-05-27,CHO-SCR-58000,10
T0449,29771,US-2021-124429-44343,2021-05-27,CHO-TRI-54000,4
T0450,21541,US-2021-139192-44343,2021-05-27,CHO-FUD-51000,13
T0451,37206,US-2021-117058-44343,2021-05-27,CHO-FUD-51000,6
T0452,39852,US-2021-135993-44344,2021-05-28,CHO-MIL-31000,4
T0453,39852,US-2021-135993-44344,2021-05-28,CHO-TRI-54000,6
T0454,18820,US-2021-108861-44344,2021-05-28,CHO-TRI-54000,4
T0455,35107,US-2021-103429-44346,2021-05-30,CHO-TRI-54000,3
T0456,35107,US-2021-103429-44346,2021-05-30,CHO-FUD-51000,2
T0457,35107,US-2021-103429-44346,2021-05-30,CHO-SCR-58000,4
T0458,35107,US-2021-103429-44346,2021-05-30,CHO-NUT-13000,5
T0459,22908,US-2021-140473-44346,2021-05-30,CHO-SCR-58000,3
T0460,29626,US-2021-105872-44346,2021-05-30,CHO-MIL-31000,4
T0461,12714,US-2021-145800-44346,2021-05-30,CHO-SCR-58000,3
T0462,12646,US-2021-146885-44346,2021-05-30,CHO-SCR-58000,3
T0463,42682,US-2021-166051-44347,2021-05-31,CHO-MIL-31000,3
T0464,42682,US-2021-166051-44347,2021-05-31,CHO-FUD-51000,3
T0465,31852,US-2021-157070-44348,2021-06-01,CHO-MIL-31000,9
T0466,34104,US-2021-165659-44348,2021-06-01,CHO-TRI-54000,13
T0467,12919,US-2021-131926-44348,2021-06-01,CHO-SCR-58000,7
T0468,12919,US-2021-131926-44348,2021-06-01,CHO-MIL-31000,7
T0469,12919,US-2021-131926-44348,2021-06-01,OTH-GUM-21000,4
T0470,12919,US-2021-131926-44348,2021-06-01,CHO-TRI-54000,6
T0471,46271,US-2021-111003-44348,2021-06-01,CHO-MIL-31000,6
T0472,46271,US-2021-111003-44348,2021-06-01,CHO-FUD-51000,3
T0473,27377,US-2021-100895-44349,2021-06-02,CHO-TRI-54000,2
T0474,27377,US-2021-100895-44349,2021-06-02,CHO-FUD-51000,2
T0475,27377,US-2021-100895-44349,2021-06-02,CHO-SCR-58000,3
T0476,42022,US-2021-104472-44349,2021-06-02,CHO-MIL-31000,6
T0477,42022,US-2021-104472-44349,2021-06-02,CHO-NUT-13000,3
T0478,44276,US-2021-163867-44350,2021-06-03,CHO-TRI-54000,7
T0479,44276,US-2021-163867-44350,2021-06-03,CHO-FUD-51000,4
T0480,44276,US-2021-163867-44350,2021-06-03,CHO-MIL-31000,3
T0481,13743,US-2021-135657-44350,2021-06-03,CHO-SCR-58000,6
T0482,28567,US-2021-141299-44350,2021-06-03,CHO-MIL-31000,2
T0483,20822,US-2021-147914-44351,2021-06-04,CHO-FUD-51000,2
T0484,17166,US-2021-151946-44351,2021-06-04,CHO-MIL-31000,4
T0485,17166,US-2021-151946-44351,2021-06-04,CHO-FUD-51000,2
T0486,17166,US-2021-151946-44351,2021-06-04,CHO-TRI-54000,4
T0487,16972,US-2021-159520-44353,2021-06-06,CHO-NUT-13000,3
T0488,16972,US-2021-159520-44353,2021-06-06,CHO-FUD-51000,9
T0489,16972,US-2021-159520-44353,2021-06-06,CHO-MIL-31000,2
T0490,33903,US-2021-161305-44353,2021-06-06,CHO-TRI-54000,3
T0491,33903,US-2021-161305-44353,2021-06-06,CHO-MIL-31000,2
T0492,34118,US-2021-169257-44353,2021-06-06,CHO-SCR-58000,1
T0493,34118,US-2021-169257-44353,2021-06-06,CHO-TRI-54000,2
T0494,27916,US-2021-133270-44353,2021-06-06,CHO-SCR-58000,2
T0495,20521,US-2021-151897-44353,2021-06-06,CHO-TRI-54000,10
T0496,37374,US-2021-134971-44354,2021-06-07,CHO-FUD-51000,3
T0497,13687,US-2021-106229-44354,2021-06-07,CHO-TRI-54000,3
T0498,18078,US-2021-141257-44355,2021-06-08,CHO-NUT-13000,3
T0499,33791,US-2021-108147-44355,2021-06-08,CHO-TRI-54000,8
T0500,17824,US-2021-109162-44355,2021-06-08,CHO-SCR-58000,3
T0501,25202,US-2021-160262-44356,2021-06-09,CHO-SCR-58000,2
T0502,25202,US-2021-160262-44356,2021-06-09,CHO-FUD-51000,7
T0503,25202,US-2021-160262-44356,2021-06-09,CHO-MIL-31000,3
T0504,33754,US-2021-132612-44356,2021-06-09,CHO-SCR-58000,7
T0505,15460,US-2021-133753-44356,2021-06-09,CHO-SCR-58000,3
T0506,15460,US-2021-133753-44356,2021-06-09,CHO-NUT-13000,2
T0507,12168,US-2021-133851-44356,2021-06-09,CHO-MIL-31000,2
T0508,12168,US-2021-133851-44356,2021-06-09,CHO-SCR-58000,2
T0509,23713,US-2021-115812-44356,2021-06-09,CHO-SCR-58000,21
T0510,23713,US-2021-115812-44356,2021-06-09,CHO-FUD-51000,4
T0511,23713,US-2021-115812-44356,2021-06-09,CHO-TRI-54000,9
T0512,23713,US-2021-115812-44356,2021-06-09,CHO-MIL-31000,4
T0513,15108,US-2021-144281-44357,2021-06-10,CHO-FUD-51000,5
T0514,27181,US-2021-114643-44360,2021-06-13,CHO-MIL-31000,3
T0515,28135,US-2021-140487-44361,2021-06-14,CHO-MIL-31000,3
T0516,28378,US-2021-126963-44362,2021-06-15,CHO-NUT-13000,2
T0517,19469,US-2021-141215-44362,2021-06-15,CHO-FUD-51000,4
T0518,19469,US-2021-141215-44362,2021-06-15,CHO-NUT-13000,2
T0519,19469,US-2021-141215-44362,2021-06-15,CHO-MIL-31000,3
T0520,29855,US-2021-136644-44363,2021-06-16,CHO-SCR-58000,8
T0521,30023,US-2021-113929-44363,2021-06-16,CHO-NUT-13000,4
T0522,30023,US-2021-113929-44363,2021-06-16,CHO-TRI-54000,3
T0523,30023,US-2021-113929-44363,2021-06-16,CHO-MIL-31000,5
T0524,30753,US-2021-104402-44364,2021-06-17,CHO-FUD-51000,3
T0525,16403,US-2021-144414-44364,2021-06-17,CHO-MIL-31000,3
T0526,16403,US-2021-144414-44364,2021-06-17,CHO-FUD-51000,3
T0527,16403,US-2021-144414-44364,2021-06-17,CHO-SCR-58000,5
T0528,36255,US-2021-156342-44364,2021-06-17,CHO-TRI-54000,2
T0529,34167,US-2021-123855-44365,2021-06-18,CHO-FUD-51000,5
T0530,38195,CA-2021-184712-44365,2021-06-18,CHO-TRI-54000,3
T0531,21086,US-2021-166863-44367,2021-06-20,CHO-MIL-31000,13
T0532,21086,US-2021-166863-44367,2021-06-20,CHO-SCR-58000,4
T0533,21086,US-2021-166863-44367,2021-06-20,CHO-NUT-13000,2
T0534,21086,US-2021-166863-44367,2021-06-20,CHO-FUD-51000,3
T0535,21086,US-2021-166863-44367,2021-06-20,CHO-TRI-54000,2
T0536,15640,US-2021-112949-44367,2021-06-20,CHO-TRI-54000,6
T0537,15640,US-2021-112949-44367,2021-06-20,CHO-SCR-58000,2
T0538,22859,US-2021-160780-44368,2021-06-21,CHO-MIL-31000,7
T0539,22859,US-2021-160780-44368,2021-06-21,CHO-SCR-58000,2
T0540,13990,US-2021-128146-44368,2021-06-21,CHO-SCR-58000,9
T0541,20953,US-2021-130624-44368,2021-06-21,CHO-FUD-51000,6
T0542,20953,US-2021-130624-44368,2021-06-21,CHO-MIL-31000,3
T0543,23781,US-2021-138317-44368,2021-06-21,CHO-SCR-58000,5
T0544,23781,US-2021-138317-44368,2021-06-21,CHO-MIL-31000,2
T0545,23781,US-2021-138317-44368,2021-06-21,CHO-FUD-51000,6
T0546,23781,US-2021-138317-44368,2021-06-21,CHO-NUT-13000,3
T0547,33810,US-2021-141278-44368,2021-06-21,CHO-TRI-54000,5
T0548,46035,US-2021-141796-44368,2021-06-21,CHO-TRI-54000,3
T0549,42871,US-2021-117135-44368,2021-06-21,CHO-NUT-13000,1
T0550,42871,US-2021-117135-44368,2021-06-21,CHO-TRI-54000,3
T0551,42871,US-2021-117135-44368,2021-06-21,CHO-MIL-31000,1
T0552,30375,US-2021-124646-44369,2021-06-22,CHO-SCR-58000,3
T0553,30375,US-2021-124646-44369,2021-06-22,CHO-TRI-54000,3
T0554,32013,US-2021-133389-44369,2021-06-22,CHO-TRI-54000,3
T0555,30753,US-2021-142048-44369,2021-06-22,CHO-TRI-54000,6
T0556,37530,US-2021-154963-44369,2021-06-22,CHO-FUD-51000,5
T0557,37530,US-2021-154963-44369,2021-06-22,CHO-TRI-54000,3
T0558,37530,US-2021-154963-44369,2021-06-22,CHO-MIL-31000,3
T0559,42591,US-2021-126032-44370,2021-06-23,CHO-NUT-13000,3
T0560,47463,US-2021-130358-44370,2021-06-23,CHO-SCR-58000,9
T0561,47463,US-2021-130358-44370,2021-06-23,CHO-MIL-31000,1
T0562,18526,US-2021-159814-44371,2021-06-24,CHO-MIL-31000,2
T0563,30975,US-2021-159338-44372,2021-06-25,CHO-SCR-58000,5
T0564,44815,US-2021-164469-44372,2021-06-25,CHO-SCR-58000,1
T0565,44815,US-2021-164469-44372,2021-06-25,CHO-TRI-54000,11
T0566,44815,US-2021-164469-44372,2021-06-25,OTH-KAZ-38000,5
T0567,14149,US-2021-104283-44374,2021-06-27,CHO-FUD-51000,1
T0568,14149,US-2021-104283-44374,2021-06-27,CHO-MIL-31000,5
T0569,14149,US-2021-104283-44374,2021-06-27,CHO-NUT-13000,4
T0570,22913,US-2021-140858-44375,2021-06-28,CHO-MIL-31000,20
T0571,22913,US-2021-140858-44375,2021-06-28,CHO-TRI-54000,3
T0572,11818,US-2021-156993-44375,2021-06-28,CHO-NUT-13000,1
T0573,13367,US-2021-165974-44376,2021-06-29,CHO-MIL-31000,7
T0574,43478,US-2021-111773-44376,2021-06-29,CHO-MIL-31000,3
T0575,46588,US-2021-121566-44377,2021-06-30,CHO-TRI-54000,3
T0576,46588,US-2021-121566-44377,2021-06-30,CHO-SCR-58000,1
T0577,11974,US-2021-123064-44377,2021-06-30,CHO-NUT-13000,4
T0578,28919,US-2021-109218-44377,2021-06-30,CHO-NUT-13000,5
T0579,30046,US-2021-146640-44377,2021-06-30,CHO-FUD-51000,7
T0580,36442,US-2021-152254-44377,2021-06-30,CHO-MIL-31000,7
T0581,23501,US-2021-116757-44377,2021-06-30,CHO-FUD-51000,6
T0582,23501,US-2021-116757-44377,2021-06-30,CHO-MIL-31000,5
T0583,26560,US-2021-160773-44378,2021-07-01,CHO-MIL-31000,6
T0584,26560,US-2021-160773-44378,2021-07-01,CHO-TRI-54000,2
T0585,26665,US-2021-153150-44378,2021-07-01,CHO-FUD-51000,5
T0586,22019,US-2021-107594-44379,2021-07-02,CHO-SCR-58000,3
T0587,32774,US-2021-138709-44381,2021-07-04,CHO-MIL-31000,8
T0588,21541,US-2021-120096-44381,2021-07-04,CHO-NUT-13000,2
T0589,21541,US-2021-120096-44381,2021-07-04,CHO-TRI-54000,4
T0590,46264,US-2021-157784-44382,2021-07-05,CHO-NUT-13000,5
T0591,46264,US-2021-157784-44382,2021-07-05,CHO-MIL-31000,3
T0592,21802,US-2021-160444-44382,2021-07-05,CHO-FUD-51000,11
T0593,21802,US-2021-160444-44382,2021-07-05,CHO-MIL-31000,3
T0594,31297,US-2021-103317-44382,2021-07-05,CHO-TRI-54000,2
T0595,31297,US-2021-103317-44382,2021-07-05,CHO-FUD-51000,3
T0596,31297,US-2021-103317-44382,2021-07-05,OTH-KAZ-38000,5
T0597,44598,US-2021-107139-44382,2021-07-05,CHO-TRI-54000,6
T0598,12623,US-2021-152849-44382,2021-07-05,CHO-FUD-51000,3
T0599,29619,US-2021-134278-44383,2021-07-06,CHO-SCR-58000,1
T0600,36409,US-2021-147543-44383,2021-07-06,CHO-NUT-13000,2
T0601,42500,US-2021-138758-44384,2021-07-07,CHO-NUT-13000,2
T0602,42500,US-2021-138758-44384,2021-07-07,CHO-FUD-51000,2
T0603,43975,US-2021-100090-44385,2021-07-08,CHO-MIL-31000,9
T0604,28975,US-2021-150301-44385,2021-07-08,CHO-SCR-58000,1
T0605,16571,US-2021-165379-44386,2021-07-09,CHO-TRI-54000,5
T0606,30480,US-2021-113271-44386,2021-07-09,CHO-FUD-51000,3
T0607,30480,US-2021-113271-44386,2021-07-09,CHO-TRI-54000,11
T0608,34419,US-2021-114125-44386,2021-07-09,CHO-MIL-31000,10
T0609,34419,US-2021-114125-44386,2021-07-09,CHO-SCR-58000,1
T0610,31444,US-2021-123225-44388,2021-07-11,CHO-NUT-13000,2
T0611,31444,US-2021-123225-44388,2021-07-11,CHO-MIL-31000,4
T0612,33894,US-2021-163552-44388,2021-07-11,CHO-FUD-51000,8
T0613,33894,US-2021-163552-44388,2021-07-11,CHO-SCR-58000,17
T0614,28385,US-2021-166555-44388,2021-07-11,CHO-TRI-54000,3
T0615,21338,US-2021-133305-44388,2021-07-11,CHO-MIL-31000,5
T0616,21338,US-2021-133305-44388,2021-07-11,CHO-NUT-13000,4
T0617,32403,US-2021-124807-44389,2021-07-12,CHO-TRI-54000,9
T0618,32403,US-2021-124807-44389,2021-07-12,CHO-FUD-51000,4
T0619,46931,US-2021-161508-44389,2021-07-12,CHO-SCR-58000,10
T0620,46931,US-2021-161508-44389,2021-07-12,CHO-NUT-13000,2
T0621,46931,US-2021-161508-44389,2021-07-12,CHO-FUD-51000,3
T0622,38193,US-2021-129924-44389,2021-07-12,CHO-FUD-51000,5
T0623,29113,US-2021-131310-44389,2021-07-12,CHO-FUD-51000,4
T0624,29113,US-2021-131310-44389,2021-07-12,CHO-MIL-31000,4
T0625,45321,US-2021-110184-44389,2021-07-12,CHO-FUD-51000,17
T0626,39355,US-2021-165862-44390,2021-07-13,CHO-TRI-54000,3
T0627,43193,US-2021-124464-44391,2021-07-14,CHO-NUT-13000,1
T0628,42204,US-2021-164182-44391,2021-07-14,CHO-NUT-13000,4
T0629,42204,US-2021-164182-44391,2021-07-14,CHO-FUD-51000,2
T0630,42204,US-2021-164182-44391,2021-07-14,CHO-SCR-58000,1
T0631,46280,US-2021-103905-44391,2021-07-14,CHO-MIL-31000,7
T0632,46280,US-2021-103905-44391,2021-07-14,CHO-TRI-54000,4
T0633,19219,US-2021-109904-44391,2021-07-14,CHO-NUT-13000,3
T0634,41210,US-2021-150532-44391,2021-07-14,CHO-FUD-51000,5
T0635,45958,US-2021-115980-44392,2021-07-15,CHO-NUT-13000,6
T0636,37362,US-2021-123295-44395,2021-07-18,CHO-FUD-51000,4
T0637,12581,US-2021-138198-44395,2021-07-18,CHO-TRI-54000,2
T0638,35483,US-2021-168158-44396,2021-07-19,CHO-FUD-51000,2
T0639,47132,US-2021-150434-44396,2021-07-19,OTH-KAZ-38000,1
T0640,47132,US-2021-150434-44396,2021-07-19,CHO-SCR-58000,1
T0641,47132,US-2021-150434-44396,2021-07-19,CHO-NUT-13000,2
T0642,47132,US-2021-150434-44396,2021-07-19,CHO-MIL-31000,2
T0643,15136,US-2021-157546-44397,2021-07-20,CHO-NUT-13000,9
T0644,23662,US-2021-127866-44397,2021-07-20,CHO-MIL-31000,6
T0645,23662,US-2021-127866-44397,2021-07-20,CHO-FUD-51000,3
T0646,23662,US-2021-127866-44397,2021-07-20,CHO-NUT-13000,2
T0647,37460,US-2021-141726-44397,2021-07-20,CHO-NUT-13000,3
T0648,37460,US-2021-141726-44397,2021-07-20,CHO-SCR-58000,2
T0649,37460,US-2021-141726-44397,2021-07-20,CHO-FUD-51000,5
T0650,30443,US-2021-142965-44397,2021-07-20,CHO-SCR-58000,3
T0651,30443,US-2021-142965-44397,2021-07-20,CHO-TRI-54000,1
T0652,45811,US-2021-143903-44397,2021-07-20,CHO-TRI-54000,2
T0653,45811,US-2021-143903-44397,2021-07-20,CHO-MIL-31000,8
T0654,22964,US-2021-129189-44398,2021-07-21,CHO-MIL-31000,5
T0655,22964,US-2021-129189-44398,2021-07-21,OTH-KAZ-38000,3
T0656,22964,US-2021-129189-44398,2021-07-21,OTH-GUM-21000,1
T0657,22964,US-2021-129189-44398,2021-07-21,CHO-FUD-51000,5
T0658,30557,US-2021-109890-44398,2021-07-21,CHO-TRI-54000,2
T0659,33868,US-2021-116932-44398,2021-07-21,CHO-NUT-13000,2
T0660,33868,US-2021-116932-44398,2021-07-21,OTH-KAZ-38000,1
T0661,33868,US-2021-116932-44398,2021-07-21,CHO-FUD-51000,5
T0662,37696,US-2021-122679-44399,2021-07-22,CHO-TRI-54000,6
T0663,36982,US-2021-127691-44399,2021-07-22,CHO-FUD-51000,2
T0664,36982,US-2021-127691-44399,2021-07-22,CHO-TRI-54000,2
T0665,12177,US-2021-164644-44399,2021-07-22,CHO-MIL-31000,1
T0666,38902,US-2021-117464-44399,2021-07-22,CHO-NUT-13000,7
T0667,38902,US-2021-117464-44399,2021-07-22,CHO-MIL-31000,13
T0668,24131,US-2021-103058-44400,2021-07-23,CHO-TRI-54000,2
T0669,35051,US-2021-145254-44400,2021-07-23,CHO-FUD-51000,5
T0670,35051,US-2021-145254-44400,2021-07-23,CHO-MIL-31000,9
T0671,35051,US-2021-145254-44400,2021-07-23,CHO-SCR-58000,3
T0672,22670,US-2021-119137-44400,2021-07-23,CHO-MIL-31000,1
T0673,22670,US-2021-119137-44400,2021-07-23,CHO-SCR-58000,15
T0674,22670,US-2021-119137-44400,2021-07-23,CHO-NUT-13000,8
T0675,43184,US-2021-143917-44402,2021-07-25,CHO-TRI-54000,12
T0676,43184,US-2021-143917-44402,2021-07-25,CHO-NUT-13000,5
T0677,22306,US-2021-146528-44402,2021-07-25,CHO-FUD-51000,1
T0678,22306,US-2021-146528-44402,2021-07-25,CHO-MIL-31000,4
T0679,13071,US-2021-159121-44403,2021-07-26,CHO-MIL-31000,7
T0680,12786,US-2021-126760-44403,2021-07-26,CHO-TRI-54000,5
T0681,12786,US-2021-126760-44403,2021-07-26,CHO-NUT-13000,9
T0682,12786,US-2021-126760-44403,2021-07-26,CHO-FUD-51000,3
T0683,32165,US-2021-169019-44403,2021-07-26,CHO-FUD-51000,11
T0684,32165,US-2021-169019-44403,2021-07-26,CHO-SCR-58000,16
T0685,32165,US-2021-169019-44403,2021-07-26,CHO-NUT-13000,4
T0686,27554,US-2021-116190-44403,2021-07-26,CHO-NUT-13000,2
T0687,27554,US-2021-116190-44403,2021-07-26,CHO-SCR-58000,16
T0688,18001,US-2021-155894-44403,2021-07-26,CHO-SCR-58000,3
T0689,46761,US-2021-124709-44404,2021-07-27,CHO-FUD-51000,2
T0690,43193,US-2021-169642-44404,2021-07-27,CHO-TRI-54000,2
T0691,38529,US-2021-150126-44404,2021-07-27,OTH-GUM-21000,11
T0692,17686,US-2021-131541-44405,2021-07-28,CHO-NUT-13000,6
T0693,17686,US-2021-131541-44405,2021-07-28,CHO-MIL-31000,7
T0694,17686,US-2021-131541-44405,2021-07-28,CHO-SCR-58000,5
T0695,11946,US-2021-111192-44407,2021-07-30,CHO-SCR-58000,8
T0696,28749,US-2021-162684-44409,2021-08-01,CHO-FUD-51000,2
T0697,11307,US-2021-152296-44409,2021-08-01,CHO-SCR-58000,3
T0698,18848,US-2021-117345-44409,2021-08-01,CHO-SCR-58000,7
T0699,18848,US-2021-117345-44409,2021-08-01,CHO-TRI-54000,1
T0700,18848,US-2021-117345-44409,2021-08-01,CHO-FUD-51000,2
T0701,12212,US-2021-106299-44410,2021-08-02,CHO-TRI-54000,5
T0702,12212,US-2021-106299-44410,2021-08-02,CHO-SCR-58000,2
T0703,12212,US-2021-106299-44410,2021-08-02,CHO-MIL-31000,2
T0704,29626,US-2021-125612-44411,2021-08-03,CHO-SCR-58000,2
T0705,29626,US-2021-125612-44411,2021-08-03,CHO-FUD-51000,12
T0706,16006,US-2021-128986-44411,2021-08-03,CHO-NUT-13000,3
T0707,42946,US-2021-133690-44411,2021-08-03,CHO-MIL-31000,3
T0708,23361,US-2021-126361-44412,2021-08-04,CHO-NUT-13000,3
T0709,23361,US-2021-126361-44412,2021-08-04,CHO-SCR-58000,13
T0710,23361,US-2021-126361-44412,2021-08-04,CHO-TRI-54000,1
T0711,23361,US-2021-126361-44412,2021-08-04,CHO-FUD-51000,5
T0712,23361,US-2021-126361-44412,2021-08-04,CHO-MIL-31000,5
T0713,30900,US-2021-134215-44412,2021-08-04,CHO-MIL-31000,2
T0714,30900,US-2021-134215-44412,2021-08-04,CHO-TRI-54000,13
T0715,30900,US-2021-134215-44412,2021-08-04,CHO-FUD-51000,9
T0716,33112,US-2021-124723-44413,2021-08-05,CHO-FUD-51000,2
T0717,37948,US-2021-110065-44413,2021-08-05,OTH-KAZ-38000,7
T0718,37948,US-2021-110065-44413,2021-08-05,CHO-FUD-51000,1
T0719,12497,US-2021-150490-44413,2021-08-05,CHO-SCR-58000,2
T0720,12497,US-2021-150490-44413,2021-08-05,CHO-FUD-51000,2
T0721,12497,US-2021-150490-44413,2021-08-05,CHO-NUT-13000,1
T0722,14891,US-2021-117968-44413,2021-08-05,CHO-SCR-58000,5
T0723,14891,US-2021-117968-44413,2021-08-05,CHO-TRI-54000,3
T0724,14891,US-2021-117968-44413,2021-08-05,OTH-KAZ-38000,2
T0725,15376,US-2021-118962-44413,2021-08-05,CHO-MIL-31000,9
T0726,15376,US-2021-118962-44413,2021-08-05,CHO-FUD-51000,3
T0727,46502,US-2021-137575-44414,2021-08-06,CHO-NUT-13000,2
T0728,12595,US-2021-115357-44414,2021-08-06,CHO-NUT-13000,3
T0729,15171,US-2021-124478-44416,2021-08-08,CHO-FUD-51000,9
T0730,15171,US-2021-124478-44416,2021-08-08,OTH-LIC-15000,3
T0731,15171,US-2021-124478-44416,2021-08-08,CHO-SCR-58000,1
T0732,15171,US-2021-124478-44416,2021-08-08,CHO-MIL-31000,2
T0733,38258,CA-2021-129322-44416,2021-08-08,CHO-FUD-51000,2
T0734,38258,CA-2021-129322-44416,2021-08-08,CHO-SCR-58000,2
T0735,38258,CA-2021-129322-44416,2021-08-08,CHO-TRI-54000,7
T0736,34860,US-2021-131450-44416,2021-08-08,CHO-MIL-31000,11
T0737,34860,US-2021-131450-44416,2021-08-08,CHO-TRI-54000,2
T0738,34860,US-2021-131450-44416,2021-08-08,CHO-FUD-51000,5
T0739,39425,US-2021-151708-44416,2021-08-08,CHO-NUT-13000,4
T0740,39425,US-2021-151708-44416,2021-08-08,CHO-TRI-54000,3
T0741,31759,US-2021-154669-44416,2021-08-08,CHO-MIL-31000,11
T0742,32517,US-2021-156790-44416,2021-08-08,CHO-MIL-31000,4
T0743,42295,US-2021-161249-44417,2021-08-09,CHO-TRI-54000,5
T0744,42295,US-2021-161249-44417,2021-08-09,CHO-MIL-31000,3
T0745,44850,US-2021-166471-44417,2021-08-09,CHO-NUT-13000,6
T0746,39243,US-2021-167850-44417,2021-08-09,CHO-MIL-31000,3
T0747,39243,US-2021-167850-44417,2021-08-09,CHO-FUD-51000,2
T0748,37796,US-2021-169726-44417,2021-08-09,CHO-NUT-13000,7
T0749,25496,US-2021-141901-44417,2021-08-09,CHO-SCR-58000,1
T0750,24068,US-2021-110527-44417,2021-08-09,CHO-MIL-31000,8
T0751,40624,US-2021-127012-44419,2021-08-11,CHO-MIL-31000,1
T0752,40624,US-2021-127012-44419,2021-08-11,CHO-TRI-54000,3
T0753,11993,US-2021-154641-44419,2021-08-11,CHO-TRI-54000,1
T0754,21793,US-2021-109302-44420,2021-08-12,CHO-TRI-54000,7
T0755,37250,US-2021-109897-44420,2021-08-12,CHO-MIL-31000,11
T0756,17434,US-2021-153927-44420,2021-08-12,CHO-MIL-31000,3
T0757,17434,US-2021-153927-44420,2021-08-12,CHO-NUT-13000,13
T0758,22495,US-2021-156244-44420,2021-08-12,CHO-NUT-13000,13
T0759,22495,US-2021-156244-44420,2021-08-12,CHO-SCR-58000,5
T0760,22495,US-2021-156244-44420,2021-08-12,CHO-FUD-51000,9
T0761,45594,US-2021-164406-44423,2021-08-15,CHO-NUT-13000,4
T0762,45594,US-2021-164406-44423,2021-08-15,CHO-FUD-51000,3
T0763,45594,US-2021-164406-44423,2021-08-15,CHO-MIL-31000,4
T0764,45594,US-2021-164406-44423,2021-08-15,CHO-SCR-58000,3
T0765,45594,US-2021-164406-44423,2021-08-15,CHO-TRI-54000,3
T0766,22404,US-2021-138023-44423,2021-08-15,CHO-SCR-58000,8
T0767,27699,US-2021-141005-44423,2021-08-15,CHO-FUD-51000,3
T0768,27097,US-2021-109043-44423,2021-08-15,CHO-TRI-54000,5
T0769,27097,US-2021-109043-44423,2021-08-15,CHO-MIL-31000,5
T0770,47293,US-2021-142839-44424,2021-08-16,CHO-SCR-58000,6
T0771,44306,US-2021-129168-44425,2021-08-17,CHO-MIL-31000,3
T0772,45088,US-2021-111500-44425,2021-08-17,CHO-FUD-51000,4
T0773,45088,US-2021-111500-44425,2021-08-17,CHO-TRI-54000,11
T0774,45088,US-2021-111500-44425,2021-08-17,CHO-MIL-31000,5
T0775,27965,US-2021-121727-44427,2021-08-19,CHO-FUD-51000,2
T0776,32720,US-2021-164616-44427,2021-08-19,CHO-TRI-54000,6
T0777,27608,CA-2021-132339-44427,2021-08-19,CHO-TRI-54000,3
T0778,38816,US-2021-133158-44427,2021-08-19,CHO-FUD-51000,7
T0779,38816,US-2021-133158-44427,2021-08-19,CHO-MIL-31000,2
T0780,17404,US-2021-143581-44427,2021-08-19,CHO-NUT-13000,3
T0781,19296,CA-2021-115777-44427,2021-08-19,CHO-NUT-13000,1
T0782,21065,US-2021-156559-44427,2021-08-19,CHO-MIL-31000,9
T0783,20836,US-2021-166716-44428,2021-08-20,CHO-NUT-13000,2
T0784,45797,US-2021-114321-44428,2021-08-20,CHO-FUD-51000,16
T0785,41912,US-2021-123253-44430,2021-08-22,CHO-TRI-54000,1
T0786,23069,US-2021-166828-44430,2021-08-22,CHO-MIL-31000,2
T0787,11433,US-2021-130918-44430,2021-08-22,CHO-TRI-54000,3
T0788,21564,US-2021-124737-44431,2021-08-23,CHO-NUT-13000,3
T0789,21564,US-2021-124737-44431,2021-08-23,CHO-MIL-31000,24
T0790,21564,US-2021-124737-44431,2021-08-23,CHO-TRI-54000,3
T0791,21564,US-2021-124737-44431,2021-08-23,CHO-SCR-58000,1
T0792,30634,US-2021-110639-44431,2021-08-23,CHO-TRI-54000,4
T0793,30634,US-2021-110639-44431,2021-08-23,CHO-MIL-31000,4
T0794,22927,US-2021-112795-44431,2021-08-23,CHO-NUT-13000,3
T0795,11986,US-2021-154837-44431,2021-08-23,CHO-FUD-51000,2
T0796,22544,US-2021-106719-44432,2021-08-24,CHO-TRI-54000,2
T0797,42654,US-2021-107916-44432,2021-08-24,CHO-FUD-51000,2
T0798,42654,US-2021-107916-44432,2021-08-24,CHO-MIL-31000,3
T0799,35212,US-2021-120432-44432,2021-08-24,CHO-SCR-58000,3
T0800,17614,US-2021-126200-44433,2021-08-25,CHO-MIL-31000,3
T0801,17614,US-2021-126200-44433,2021-08-25,CHO-NUT-13000,3
T0802,27918,US-2021-103660-44433,2021-08-25,CHO-MIL-31000,7
T0803,38760,US-2021-104178-44433,2021-08-25,CHO-MIL-31000,10
T0804,38760,US-2021-104178-44433,2021-08-25,CHO-TRI-54000,4
T0805,43618,US-2021-107398-44433,2021-08-25,CHO-SCR-58000,4
T0806,43618,US-2021-107398-44433,2021-08-25,CHO-TRI-54000,11
T0807,15283,US-2021-115259-44433,2021-08-25,CHO-TRI-54000,9
T0808,15283,US-2021-115259-44433,2021-08-25,CHO-SCR-58000,16
T0809,47230,US-2021-123260-44434,2021-08-26,CHO-MIL-31000,8
T0810,39224,US-2021-103331-44434,2021-08-26,CHO-MIL-31000,4
T0811,39224,US-2021-103331-44434,2021-08-26,CHO-SCR-58000,3
T0812,39224,US-2021-103331-44434,2021-08-26,CHO-TRI-54000,1
T0813,47363,US-2021-115413-44434,2021-08-26,SUG-SWE-91000,3
T0814,47363,US-2021-115413-44434,2021-08-26,CHO-SCR-58000,3
T0815,20479,US-2021-124688-44435,2021-08-27,CHO-FUD-51000,7
T0816,20479,US-2021-124688-44435,2021-08-27,OTH-GUM-21000,5
T0817,44913,US-2021-101266-44435,2021-08-27,CHO-MIL-31000,2
T0818,27657,US-2021-143336-44435,2021-08-27,CHO-TRI-54000,6
T0819,27657,US-2021-143336-44435,2021-08-27,CHO-SCR-58000,3
T0820,36877,US-2021-169775-44437,2021-08-29,CHO-TRI-54000,3
T0821,36877,US-2021-169775-44437,2021-08-29,CHO-SCR-58000,6
T0822,39075,US-2021-135699-44437,2021-08-29,CHO-TRI-54000,2
T0823,39075,US-2021-135699-44437,2021-08-29,OTH-LIC-15000,2
T0824,40027,US-2021-146500-44438,2021-08-30,CHO-TRI-54000,5
T0825,40027,US-2021-146500-44438,2021-08-30,CHO-FUD-51000,3
T0826,36493,US-2021-143385-44439,2021-08-31,CHO-FUD-51000,9
T0827,11393,US-2021-126522-44440,2021-09-01,CHO-SCR-58000,3
T0828,43590,US-2021-165428-44440,2021-09-01,CHO-TRI-54000,3
T0829,43590,US-2021-165428-44440,2021-09-01,CHO-NUT-13000,6
T0830,19721,US-2021-109855-44440,2021-09-01,CHO-FUD-51000,5
T0831,27377,US-2021-157721-44441,2021-09-02,CHO-MIL-31000,1
T0832,27377,US-2021-157721-44441,2021-09-02,CHO-FUD-51000,1
T0833,44493,US-2021-158281-44441,2021-09-02,OTH-LIC-15000,3
T0834,46196,US-2021-127936-44441,2021-09-02,CHO-FUD-51000,3
T0835,42890,US-2021-138828-44441,2021-09-02,CHO-MIL-31000,8
T0836,32363,US-2021-106971-44441,2021-09-02,CHO-TRI-54000,7
T0837,17187,US-2021-151792-44441,2021-09-02,CHO-FUD-51000,3
T0838,36884,US-2021-152268-44441,2021-09-02,CHO-FUD-51000,2
T0839,39427,US-2021-125171-44442,2021-09-03,CHO-SCR-58000,5
T0840,39056,US-2021-120236-44442,2021-09-03,OTH-GUM-21000,5
T0841,47195,US-2021-136861-44444,2021-09-05,CHO-NUT-13000,2
T0842,32445,US-2021-106572-44444,2021-09-05,CHO-TRI-54000,2
T0843,32438,US-2021-130449-44445,2021-09-06,CHO-SCR-58000,6
T0844,32438,US-2021-130449-44445,2021-09-06,CHO-NUT-13000,8
T0845,19616,US-2021-122882-44446,2021-09-07,CHO-SCR-58000,2
T0846,19616,US-2021-122882-44446,2021-09-07,CHO-FUD-51000,1
T0847,19616,US-2021-122882-44446,2021-09-07,CHO-MIL-31000,4
T0848,19616,US-2021-122882-44446,2021-09-07,CHO-TRI-54000,3
T0849,26476,US-2021-126193-44446,2021-09-07,CHO-SCR-58000,3
T0850,26476,US-2021-126193-44446,2021-09-07,CHO-NUT-13000,5
T0851,26476,US-2021-126193-44446,2021-09-07,CHO-FUD-51000,5
T0852,35140,US-2021-131002-44446,2021-09-07,CHO-NUT-13000,6
T0853,35140,US-2021-131002-44446,2021-09-07,CHO-MIL-31000,6
T0854,35140,US-2021-131002-44446,2021-09-07,CHO-FUD-51000,5
T0855,30597,US-2021-100006-44446,2021-09-07,CHO-TRI-54000,3
T0856,34764,US-2021-105165-44446,2021-09-07,OTH-GUM-21000,1
T0857,34764,US-2021-105165-44446,2021-09-07,CHO-TRI-54000,7
T0858,34764,US-2021-105165-44446,2021-09-07,CHO-SCR-58000,2
T0859,34764,US-2021-105165-44446,2021-09-07,CHO-FUD-51000,3
T0860,42689,US-2021-109918-44446,2021-09-07,CHO-SCR-58000,5
T0861,42689,US-2021-109918-44446,2021-09-07,CHO-MIL-31000,6
T0862,19294,US-2021-117765-44446,2021-09-07,CHO-TRI-54000,2
T0863,19294,US-2021-117765-44446,2021-09-07,CHO-FUD-51000,7
T0864,19294,US-2021-117765-44446,2021-09-07,CHO-MIL-31000,2
T0865,13381,US-2021-123127-44447,2021-09-08,CHO-SCR-58000,2
T0866,29134,US-2021-163293-44447,2021-09-08,CHO-NUT-13000,4
T0867,29134,US-2021-163293-44447,2021-09-08,CHO-MIL-31000,3
T0868,22397,US-2021-128839-44447,2021-09-08,CHO-TRI-54000,9
T0869,22397,US-2021-128839-44447,2021-09-08,CHO-MIL-31000,3
T0870,26861,US-2021-168592-44447,2021-09-08,CHO-NUT-13000,5
T0871,26861,US-2021-168592-44447,2021-09-08,CHO-FUD-51000,2
T0872,26861,US-2021-168592-44447,2021-09-08,CHO-MIL-31000,1
T0873,45795,US-2021-132500-44447,2021-09-08,CHO-NUT-13000,2
T0874,46075,US-2021-139892-44447,2021-09-08,CHO-MIL-31000,9
T0875,46075,US-2021-139892-44447,2021-09-08,CHO-SCR-58000,19
T0876,46075,US-2021-139892-44447,2021-09-08,CHO-NUT-13000,9
T0877,35532,US-2021-140032-44447,2021-09-08,CHO-SCR-58000,2
T0878,15444,US-2021-107818-44447,2021-09-08,CHO-FUD-51000,5
T0879,15444,US-2021-107818-44447,2021-09-08,CHO-MIL-31000,8
T0880,15444,US-2021-107818-44447,2021-09-08,CHO-NUT-13000,2
T0881,15444,US-2021-107818-44447,2021-09-08,CHO-TRI-54000,6
T0882,21156,US-2021-146283-44447,2021-09-08,CHO-MIL-31000,5
T0883,21156,US-2021-146283-44447,2021-09-08,CHO-NUT-13000,6
T0884,21156,US-2021-146283-44447,2021-09-08,CHO-SCR-58000,2
T0885,38804,US-2021-146815-44447,2021-09-08,CHO-MIL-31000,2
T0886,38804,US-2021-146815-44447,2021-09-08,CHO-SCR-58000,2
T0887,29976,US-2021-115987-44447,2021-09-08,CHO-MIL-31000,4
T0888,12261,US-2021-126403-44448,2021-09-09,CHO-SCR-58000,6
T0889,12261,US-2021-126403-44448,2021-09-09,CHO-MIL-31000,3
T0890,12261,US-2021-126403-44448,2021-09-09,CHO-FUD-51000,2
T0891,12261,US-2021-126403-44448,2021-09-09,CHO-NUT-13000,5
T0892,20997,US-2021-131870-44448,2021-09-09,CHO-SCR-58000,6
T0893,20997,US-2021-131870-44448,2021-09-09,CHO-MIL-31000,9
T0894,33488,US-2021-102869-44448,2021-09-09,CHO-FUD-51000,10
T0895,33488,US-2021-102869-44448,2021-09-09,CHO-TRI-54000,3
T0896,47183,US-2021-103527-44448,2021-09-09,CHO-SCR-58000,3
T0897,28427,US-2021-144407-44448,2021-09-09,CHO-FUD-51000,7
T0898,43142,US-2021-115196-44448,2021-09-09,CHO-MIL-31000,2
T0899,24579,US-2021-125731-44449,2021-09-10,CHO-NUT-13000,5
T0900,24579,US-2021-125731-44449,2021-09-10,CHO-SCR-58000,7
T0901,12912,CA-2021-126438-44449,2021-09-10,CHO-TRI-54000,2
T0902,42498,US-2021-138835-44449,2021-09-10,CHO-FUD-51000,2
T0903,13512,US-2021-113383-44449,2021-09-10,CHO-NUT-13000,5
T0904,13512,US-2021-113383-44449,2021-09-10,CHO-FUD-51000,4
T0905,40160,US-2021-112837-44450,2021-09-11,CHO-SCR-58000,3
T0906,30471,US-2021-101476-44451,2021-09-12,CHO-MIL-31000,1
T0907,29505,US-2021-138527-44451,2021-09-12,CHO-SCR-58000,5
T0908,29505,US-2021-138527-44451,2021-09-12,CHO-NUT-13000,2
T0909,29505,US-2021-138527-44451,2021-09-12,CHO-MIL-31000,1
T0910,31710,US-2021-103702-44451,2021-09-12,CHO-TRI-54000,7
T0911,15103,US-2021-150924-44451,2021-09-12,CHO-SCR-58000,5
T0912,36842,US-2021-116246-44451,2021-09-12,CHO-TRI-54000,6
T0913,45487,US-2021-119081-44451,2021-09-12,CHO-TRI-54000,4
T0914,45487,US-2021-119081-44451,2021-09-12,CHO-SCR-58000,3
T0915,45487,US-2021-119081-44451,2021-09-12,CHO-FUD-51000,5
T0916,45711,US-2021-126277-44452,2021-09-13,CHO-FUD-51000,3
T0917,21275,US-2021-132962-44452,2021-09-13,CHO-NUT-13000,3
T0918,21275,US-2021-132962-44452,2021-09-13,CHO-MIL-31000,5
T0919,30415,US-2021-140039-44452,2021-09-13,OTH-LIC-15000,5
T0920,42654,US-2021-142769-44452,2021-09-13,CHO-MIL-31000,14
T0921,42654,US-2021-142769-44452,2021-09-13,CHO-NUT-13000,2
T0922,42654,US-2021-142769-44452,2021-09-13,CHO-TRI-54000,1
T0923,42654,US-2021-142769-44452,2021-09-13,CHO-SCR-58000,2
T0924,42654,US-2021-142769-44452,2021-09-13,CHO-FUD-51000,2
T0925,13631,US-2021-145212-44452,2021-09-13,CHO-FUD-51000,3
T0926,28658,US-2021-113859-44452,2021-09-13,CHO-TRI-54000,6
T0927,47463,US-2021-156216-44452,2021-09-13,CHO-SCR-58000,7
T0928,38594,US-2021-159184-44453,2021-09-14,CHO-MIL-31000,5
T0929,38594,US-2021-159184-44453,2021-09-14,CHO-FUD-51000,2
T0930,40190,US-2021-160766-44453,2021-09-14,CHO-FUD-51000,9
T0931,40190,US-2021-160766-44453,2021-09-14,CHO-MIL-31000,5
T0932,40190,US-2021-160766-44453,2021-09-14,CHO-SCR-58000,11
T0933,40190,US-2021-160766-44453,2021-09-14,CHO-TRI-54000,9
T0934,40190,US-2021-160766-44453,2021-09-14,CHO-NUT-13000,1
T0935,12643,US-2021-127635-44453,2021-09-14,CHO-SCR-58000,5
T0936,12643,US-2021-127635-44453,2021-09-14,CHO-MIL-31000,2
T0937,12643,US-2021-127635-44453,2021-09-14,CHO-FUD-51000,4
T0938,12643,US-2021-127635-44453,2021-09-14,CHO-TRI-54000,2
T0939,15815,US-2021-100853-44453,2021-09-14,CHO-FUD-51000,2
T0940,15815,US-2021-100853-44453,2021-09-14,CHO-SCR-58000,4
T0941,32081,US-2021-145576-44453,2021-09-14,CHO-NUT-13000,3
T0942,32081,US-2021-145576-44453,2021-09-14,CHO-FUD-51000,5
T0943,43520,US-2021-113362-44453,2021-09-14,CHO-NUT-13000,3
T0944,43520,US-2021-113362-44453,2021-09-14,CHO-TRI-54000,5
T0945,30991,US-2021-138100-44454,2021-09-15,CHO-FUD-51000,2
T0946,30991,US-2021-138100-44454,2021-09-15,CHO-MIL-31000,3
T0947,40657,US-2021-149594-44454,2021-09-15,CHO-FUD-51000,4
T0948,38615,US-2021-141152-44455,2021-09-16,CHO-SCR-58000,1
T0949,23473,US-2021-158638-44456,2021-09-17,CHO-SCR-58000,4
T0950,34575,US-2021-131947-44456,2021-09-17,CHO-NUT-13000,9
T0951,34575,US-2021-131947-44456,2021-09-17,CHO-MIL-31000,2
T0952,34575,US-2021-131947-44456,2021-09-17,CHO-FUD-51000,20
T0953,23573,US-2021-103940-44456,2021-09-17,CHO-MIL-31000,5
T0954,23573,US-2021-103940-44456,2021-09-17,CHO-SCR-58000,5
T0955,23573,US-2021-103940-44456,2021-09-17,CHO-FUD-51000,2
T0956,41604,US-2021-112851-44456,2021-09-17,CHO-SCR-58000,3
T0957,42316,US-2021-117170-44456,2021-09-17,CHO-NUT-13000,3
T0958,32802,US-2021-159849-44458,2021-09-19,CHO-FUD-51000,3
T0959,21172,US-2021-127299-44458,2021-09-19,CHO-TRI-54000,6
T0960,21172,US-2021-127299-44458,2021-09-19,CHO-SCR-58000,3
T0961,23475,US-2021-168130-44458,2021-09-19,CHO-TRI-54000,7
T0962,42661,US-2021-132787-44458,2021-09-19,CHO-FUD-51000,6
T0963,34636,US-2021-138177-44458,2021-09-19,CHO-SCR-58000,1
T0964,30800,US-2021-106992-44458,2021-09-19,CHO-SCR-58000,3
T0965,30800,US-2021-106992-44458,2021-09-19,OTH-LIC-15000,7
T0966,13568,US-2021-156601-44458,2021-09-19,CHO-SCR-58000,2
T0967,30655,US-2021-125997-44459,2021-09-20,CHO-SCR-58000,9
T0968,30655,US-2021-125997-44459,2021-09-20,CHO-MIL-31000,2
T0969,30655,US-2021-125997-44459,2021-09-20,CHO-NUT-13000,9
T0970,30655,US-2021-125997-44459,2021-09-20,CHO-FUD-51000,5
T0971,46089,US-2021-126480-44459,2021-09-20,CHO-TRI-54000,2
T0972,14205,US-2021-166744-44459,2021-09-20,CHO-MIL-31000,3
T0973,14205,US-2021-166744-44459,2021-09-20,CHO-SCR-58000,5
T0974,18958,US-2021-133704-44459,2021-09-20,OTH-KAZ-38000,4
T0975,18958,US-2021-133704-44459,2021-09-20,CHO-FUD-51000,3
T0976,29892,US-2021-134614-44459,2021-09-20,CHO-SCR-58000,6
T0977,10985,US-2021-151953-44459,2021-09-20,CHO-SCR-58000,2
T0978,41835,CA-2021-153738-44459,2021-09-20,CHO-SCR-58000,6
T0979,46770,US-2021-156433-44459,2021-09-20,CHO-TRI-54000,6
T0980,34419,US-2021-120411-44459,2021-09-20,CHO-FUD-51000,5
T0981,34419,US-2021-120411-44459,2021-09-20,CHO-SCR-58000,2
T0982,37376,US-2021-124513-44460,2021-09-21,CHO-TRI-54000,3
T0983,34407,US-2021-125514-44460,2021-09-21,CHO-NUT-13000,2
T0984,34407,US-2021-125514-44460,2021-09-21,CHO-SCR-58000,3
T0985,34407,US-2021-125514-44460,2021-09-21,CHO-TRI-54000,1
T0986,11827,US-2021-166310-44460,2021-09-21,CHO-NUT-13000,2
T0987,34720,US-2021-168823-44460,2021-09-21,OTH-GUM-21000,9
T0988,34720,US-2021-168823-44460,2021-09-21,CHO-NUT-13000,3
T0989,13176,US-2021-135972-44460,2021-09-21,CHO-MIL-31000,5
T0990,34468,US-2021-153969-44460,2021-09-21,CHO-NUT-13000,3
T0991,34468,US-2021-153969-44460,2021-09-21,CHO-FUD-51000,2
T0992,34468,US-2021-153969-44460,2021-09-21,CHO-SCR-58000,5
T0993,34468,US-2021-153969-44460,2021-09-21,CHO-TRI-54000,12
T0994,34468,US-2021-153969-44460,2021-09-21,CHO-MIL-31000,2
T0995,44556,US-2021-117478-44460,2021-09-21,CHO-SCR-58000,3
T0996,19660,US-2021-158225-44461,2021-09-22,CHO-NUT-13000,5
T0997,19660,US-2021-158225-44461,2021-09-22,CHO-SCR-58000,2
T0998,30695,US-2021-127488-44461,2021-09-22,CHO-NUT-13000,2
T0999,34090,US-2021-103191-44461,2021-09-22,CHO-TRI-54000,3
T1000,47314,US-2021-156160-44461,2021-09-22,CHO-SCR-58000,4
